Subreddit,Total Subscribers
announcements,"236,448,526"
funny,"51,469,496"
AskReddit,"42,359,381"
gaming,"37,802,698"
aww,"34,364,218"
worldnews,"32,559,222"
Music,"32,470,801"
todayilearned,"32,456,499"
movies,"31,365,535"
science,"30,526,799"
pics,"30,113,568"
Showerthoughts,"27,893,012"
videos,"26,811,489"
news,"26,545,029"
Jokes,"26,438,187"
askscience,"24,262,027"
space,"23,725,009"
EarthPorn,"23,506,204"
food,"23,499,902"
books,"22,870,291"
DIY,"22,787,807"
IAmA,"22,542,747"
nottheonion,"22,529,172"
explainlikeimfive,"22,487,052"
mildlyinteresting,"22,346,937"
LifeProTips,"22,270,984"
gifs,"21,666,271"
gadgets,"21,570,411"
sports,"20,793,644"
Documentaries,"20,410,594"
GetMotivated,"20,291,779"
dataisbeautiful,"19,867,262"
UpliftingNews,"19,233,946"
Futurology,"18,967,749"
blog,"18,930,931"
photoshopbattles,"18,529,696"
tifu,"18,443,585"
OldSchoolCool,"18,104,720"
listentothis,"17,988,844"
history,"17,692,875"
nosleep,"17,691,382"
philosophy,"17,431,254"
WritingPrompts,"17,097,091"
InternetIsBeautiful,"16,576,854"
creepy,"14,823,532"
TwoXChromosomes,"13,618,757"
memes,"26,843,553"
Art,"22,586,327"
personalfinance,"17,994,214"
television,"16,956,420"
technology,"14,587,467"
wholesomememes,"14,165,216"
wallstreetbets,"14,138,428"
interestingasfuck,"11,385,375"
Fitness,"11,384,538"
Damnthatsinteresting,"11,035,608"
lifehacks,"11,021,174"
NatureIsFuckingLit,"10,852,654"
Unexpected,"10,612,631"
dadjokes,"10,277,945"
oddlysatisfying,"9,775,220"
AmItheAsshole,"9,637,152"
relationship_advice,"9,630,556"
politics,"8,368,527"
pcmasterrace,"8,301,246"
nextfuckinglevel,"8,276,813"
travel,"8,125,907"
MadeMeSmile,"8,100,969"
nba,"8,056,768"
HistoryMemes,"7,816,154"
place,"7,686,043"
anime,"7,671,121"
facepalm,"7,601,300"
Whatcouldgowrong,"7,438,997"
Minecraft,"7,387,175"
ContagiousLaughter,"7,339,600"
WTF,"7,012,336"
BeAmazed,"6,961,452"
therewasanattempt,"6,791,955"
CryptoCurrency,"6,626,388"
leagueoflegends,"6,581,500"
buildapc,"6,395,720"
confession,"6,273,134"
mildlyinfuriating,"6,136,523"
dankmemes,"5,948,355"
Tinder,"5,854,808"
Bitcoin,"5,687,956"
gardening,"5,669,780"
stocks,"5,654,353"
BlackPeopleTwitter,"5,653,526"
PS4,"5,591,042"
Parenting,"5,578,320"
AskMen,"5,559,429"
programming,"5,507,084"
AskWomen,"5,501,884"
malefashionadvice,"5,495,455"
starterpacks,"5,140,221"
cars,"5,077,138"
YouShouldKnow,"5,020,401"
NintendoSwitch,"4,893,867"
soccer,"4,871,696"
woodworking,"4,852,280"
europe,"4,810,349"
Overwatch,"4,669,986"
PublicFreakout,"4,581,524"
drawing,"4,566,256"
cats,"4,528,932"
pokemongo,"4,432,287"
dating_advice,"4,394,766"
pokemon,"4,384,637"
HomeImprovement,"4,382,336"
nfl,"4,356,207"
apple,"4,254,321"
KidsAreFuckingStupid,"4,222,790"
IdiotsInCars,"4,134,257"
entertainment,"4,063,983"
boardgames,"4,028,968"
pettyrevenge,"4,013,935"
xboxone,"4,005,432"
Animemes,"3,991,711"
battlestations,"3,969,968"
learnprogramming,"3,909,193"
loseit,"3,904,653"
iphone,"3,843,005"
unpopularopinion,"3,784,421"
MaliciousCompliance,"3,782,307"
NoStupidQuestions,"3,732,850"
Cooking,"3,662,331"
CrappyDesign,"3,656,327"
bodyweightfitness,"3,635,801"
coolguides,"3,562,551"
socialskills,"3,559,933"
Sneakers,"3,524,183"
PS5,"3,502,764"
HolUp,"3,464,267"
DiWHY,"3,419,357"
RoastMe,"3,405,219"
relationships,"3,396,280"
Fantasy,"3,375,292"
Economics,"3,363,380"
changemyview,"3,346,381"
cursedcomments,"3,322,582"
hardware,"3,320,230"
HistoryPorn,"3,311,849"
Frugal,"3,275,438"
formula1,"3,270,148"
pcgaming,"3,266,055"
Games,"3,222,816"
Wellthatsucks,"3,217,914"
marvelstudios,"3,217,560"
gameofthrones,"3,210,718"
OutOfTheLoop,"3,198,361"
DnD,"3,187,733"
biology,"3,158,919"
offmychest,"3,093,061"
frugalmalefashion,"3,074,251"
ProgrammerHumor,"3,062,207"
WhitePeopleTwitter,"3,030,980"
comicbooks,"3,002,202"
yesyesyesyesno,"2,967,844"
teenagers,"2,951,276"
trashy,"2,932,198"
StarWars,"2,920,652"
bodybuilding,"2,909,010"
anime_irl,"2,872,208"
ksi,"2,848,020"
DestinyTheGame,"2,815,740"
mac,"2,804,267"
atheism,"2,802,279"
maybemaybemaybe,"2,786,515"
marvelmemes,"2,774,816"
solotravel,"2,761,262"
horror,"2,752,577"
writing,"2,752,024"
antiwork,"2,737,045"
MachineLearning,"2,737,017"
technicallythetruth,"2,730,534"
ChatGPT,"2,695,619"
FortNiteBR,"2,694,449"
hiphopheads,"2,644,579"
oddlyterrifying,"2,631,071"
running,"2,538,902"
MapPorn,"2,537,669"
PrequelMemes,"2,534,007"
Android,"2,532,531"
Marvel,"2,531,656"
meirl,"2,508,768"
WinStupidPrizes,"2,477,360"
dating,"2,472,118"
PremierLeague,"2,472,047"
ChoosingBeggars,"2,469,618"
shitposting,"2,462,091"
baseball,"2,442,600"
rareinsults,"2,435,866"
natureismetal,"2,424,649"
Entrepreneur,"2,419,194"
legaladvice,"2,413,370"
whatisthisthing,"2,385,443"
AbruptChaos,"2,379,745"
MMA,"2,369,946"
wow,"2,360,987"
teslamotors,"2,352,545"
investing,"2,345,815"
apexlegends,"2,329,193"
zelda,"2,307,132"
meme,"2,297,970"
kpop,"2,294,254"
tipofmytongue,"2,290,393"
DunderMifflin,"2,279,555"
shittyfoodporn,"2,262,376"
terriblefacebookmemes,"2,261,459"
manga,"2,252,591"
comics,"2,243,587"
LivestreamFail,"2,225,730"
ModernWarfareII,"2,206,056"
OnePiece,"2,184,330"
CasualConversation,"2,176,916"
JapanTravel,"2,168,577"
TrueOffMyChest,"2,117,509"
insanepeoplefacebook,"2,112,421"
digitalnomad,"2,099,794"
Genshin_Impact,"2,075,589"
iamatotalpieceofshit,"2,065,654"
careerguidance,"2,055,342"
Eldenring,"2,049,960"
motorcycles,"2,048,499"
SkincareAddiction,"2,042,919"
Justrolledintotheshop,"2,041,567"
financialindependence,"2,022,463"
audiophile,"2,016,568"
CFB,"1,988,256"
conspiracy,"1,988,105"
Steam,"1,976,514"
techsupport,"1,918,934"
XboxSeriesX,"1,917,133"
hearthstone,"1,912,212"
Watches,"1,899,911"
fightporn,"1,893,988"
GlobalOffensive,"1,888,646"
CrazyFuckingVideos,"1,887,243"
canada,"1,885,221"
productivity,"1,871,289"
AskHistorians,"1,866,397"
india,"1,847,641"
povertyfinance,"1,843,688"
ThatsInsane,"1,836,128"
harrypotter,"1,834,422"
3Dprinting,"1,822,185"
breakingbad,"1,818,521"
CasualUK,"1,815,065"
unitedkingdom,"1,810,067"
TooAfraidToAsk,"1,776,293"
BokuNoHeroAcademia,"1,750,818"
VALORANT,"1,741,734"
Baking,"1,722,655"
lotrmemes,"1,717,024"
webdev,"1,706,590"
Guitar,"1,693,787"
ADHD,"1,688,058"
malelivingspace,"1,687,998"
selfimprovement,"1,686,198"
hockey,"1,683,450"
clevercomebacks,"1,680,107"
Rainbow6,"1,624,558"
netflix,"1,601,557"
PoliticalHumor,"1,592,977"
Amd,"1,578,930"
BuyItForLife,"1,562,658"
TattooDesigns,"1,554,964"
brasil,"1,543,873"
skyrim,"1,521,448"
cringepics,"1,517,123"
rpg,"1,516,035"
StardewValley,"1,512,610"
childfree,"1,505,576"
UnethicalLifeProTips,"1,496,897"
popheads,"1,494,200"
Twitch,"1,490,747"
CombatFootage,"1,474,490"
college,"1,443,977"
awfuleverything,"1,442,460"
Bossfight,"1,430,677"
gtaonline,"1,427,883"
popculturechat,"1,422,457"
tiktokthots,"1,411,793"
greentext,"1,401,755"
ShouldIbuythisgame,"1,388,539"
france,"1,378,247"
CODWarzone,"1,376,480"
halo,"1,373,763"
FashionReps,"1,365,228"
Naruto,"1,355,172"
australia,"1,353,033"
tumblr,"1,345,987"
nvidia,"1,336,412"
TheLastAirbender,"1,330,724"
jobs,"1,324,635"
UFOs,"1,322,884"
privacy,"1,313,424"
smallbusiness,"1,307,797"
de,"1,307,186"
4chan,"1,306,376"
sadcringe,"1,300,051"
theydidthemath,"1,292,127"
vegan,"1,281,978"
gifsthatkeepongiving,"1,272,077"
CreditCards,"1,266,960"
PraiseTheCameraMan,"1,259,984"
Satisfyingasfuck,"1,252,782"
TwoSentenceHorror,"1,250,021"
RocketLeague,"1,237,456"
OnePunchMan,"1,235,406"
PersonalFinanceCanada,"1,230,761"
UrbanHell,"1,229,824"
Piracy,"1,229,146"
Terraria,"1,227,767"
mexico,"1,220,439"
StupidFood,"1,219,277"
DotA2,"1,215,142"
BrandNewSentence,"1,214,803"
aviation,"1,209,866"
MechanicAdvice,"1,209,098"
MechanicalKeyboards,"1,207,843"
worldbuilding,"1,189,430"
help,"1,156,474"
gamedev,"1,149,673"
reddeadredemption,"1,146,640"
singularity,"1,146,351"
Instagramreality,"1,142,997"
Philippines,"1,136,061"
agedlikemilk,"1,135,014"
whatsthisplant,"1,134,569"
minipainting,"1,128,864"
AskUK,"1,127,950"
MakeMeSuffer,"1,121,096"
UKPersonalFinance,"1,119,277"
dndmemes,"1,114,742"
cyberpunkgame,"1,111,076"
30PlusSkinCare,"1,107,463"
lego,"1,096,697"
GOONED,"1,093,411"
confessions,"1,080,461"
discordapp,"1,078,801"
boxoffice,"1,074,643"
blender,"1,074,466"
DCcomics,"1,060,822"
ufc,"1,058,905"
tooktoomuch,"1,058,429"
cscareerquestions,"1,052,952"
BestofRedditorUpdates,"1,049,461"
Conservative,"1,048,872"
tennis,"1,036,240"
ApplyingToCollege,"1,031,219"
Fauxmoi,"1,029,620"
whatsthisbug,"1,010,440"
witcher,"1,010,167"
Drugs,"1,006,050"
GooglePixel,"998,387"
resumes,"993,361"
shittymoviedetails,"988,664"
Breath_of_the_Wild,"987,257"
AskAnAmerican,"979,285"
Celebhub,"977,804"
LeopardsAteMyFace,"977,523"
FunnyandSad,"976,909"
datascience,"975,110"
Weird,"970,546"
london,"970,158"
headphones,"960,350"
Fallout,"951,390"
Cricket,"940,187"
IASIP,"928,753"
justneckbeardthings,"925,436"
Hololive,"923,640"
buildapcsales,"911,849"
AskCulinary,"908,907"
weed,"905,381"
GameDeals,"903,536"
diablo4,"893,661"
ukraine,"893,380"
Superstonk,"891,906"
asoiaf,"887,441"
Turkey,"887,407"
ich_iel,"875,565"
SmallCutie,"875,032"
JoeRogan,"874,790"
intel,"869,451"
linux,"867,626"
youtube,"863,371"
LateStageCapitalism,"856,051"
wholesome,"849,136"
thenetherlands,"847,977"
manhwa,"844,254"
EscapefromTarkov,"842,728"
Advice,"842,312"
TheSilphRoad,"836,239"
NoMansSkyTheGame,"834,480"
nyc,"833,892"
AskScienceFiction,"833,600"
LegalAdviceUK,"823,962"
ffxiv,"823,101"
Spiderman,"822,909"
AMA,"821,987"
EASportsFC,"821,741"
tf2,"818,253"
ImTheMainCharacter,"817,319"
destiny2,"817,178"
sysadmin,"811,161"
Repsneakers,"804,048"
SquaredCircle,"802,077"
playstation,"798,314"
TaylorSwift,"797,683"
GameTheorists,"793,364"
guns,"793,330"
languagelearning,"792,785"
formuladank,"792,617"
dbz,"785,219"
midjourney,"783,315"
roblox,"774,573"
AppleWatch,"768,337"
Celebs,"754,384"
daddit,"752,803"
Kanye,"750,598"
chess,"750,109"
bjj,"749,763"
dndnext,"749,693"
lostredditors,"749,559"
deadbydaylight,"749,063"
golf,"748,093"
2007scape,"747,293"
ClashRoyale,"742,977"
seduction,"741,942"
eyeblech,"741,741"
EGirls,"736,856"
StardustCrusaders,"731,755"
learnpython,"730,799"
edmproduction,"729,948"
Sims4,"721,430"
germany,"718,836"
HighStrangeness,"715,299"
JustGuysBeingDudes,"713,028"
OUTFITS,"709,082"
UkraineWarVideoReport,"705,730"
subnautica,"704,894"
medicalschool,"703,647"
virtualreality,"696,841"
singapore,"696,441"
toronto,"696,438"
DataHoarder,"696,331"
ireland,"695,980"
argentina,"692,325"
FinancialCareers,"690,779"
ontario,"689,512"
FinancialPlanning,"689,471"
Tools,"681,554"
amihot,"680,600"
Cartalk,"679,374"
magicTCG,"679,056"
FantasyPL,"668,310"
beauty,"660,722"
Warhammer40k,"656,545"
PhotoshopRequest,"655,389"
playrust,"652,698"
aliens,"650,325"
tearsofthekingdom,"648,629"
LosAngeles,"641,404"
KGBTR,"641,205"
smoking,"640,657"
startrek,"631,972"
summonerschool,"631,251"
melbourne,"627,855"
Warframe,"623,856"
batman,"621,962"
Gamingcirclejerk,"619,232"
TerrifyingAsFuck,"616,974"
rupaulsdragrace,"611,004"
reddevils,"603,072"
lawncare,"601,859"
RealEstate,"599,814"
MonsterHunter,"599,069"
patientgamers,"598,703"
thesims,"597,733"
vexillology,"595,169"
SipsTea,"590,248"
homelab,"589,621"
DMAcademy,"586,334"
boston,"585,611"
MilitaryPorn,"585,427"
Romania,"582,886"
h3h3productions,"581,767"
mycology,"581,490"
betterCallSaul,"579,587"
PoliticalCompassMemes,"577,404"
sweden,"576,527"
csgo,"574,649"
BollyBlindsNGossip,"568,137"
ClashOfClans,"567,153"
darksouls3,"563,016"
KitchenConfidential,"561,582"
visualnovels,"558,021"
ask,"557,477"
TalesFromYourServer,"557,326"
CharacterAI,"556,893"
poland,"556,670"
homeowners,"552,351"
pathofexile,"547,067"
LeagueOfMemes,"546,701"
cybersecurity,"546,424"
bayarea,"545,230"
shittytattoos,"540,015"
lakers,"538,690"
SuccessionTV,"537,162"
Scams,"535,662"
steak,"533,301"
classicwow,"532,476"
texas,"528,993"
civ,"527,894"
chicago,"519,128"
recruitinghell,"519,122"
Seattle,"514,454"
Polska,"514,028"
japanlife,"512,796"
amcstock,"510,976"
Seaofthieves,"510,800"
CrackWatch,"509,925"
IndiaSpeaks,"509,896"
CitiesSkylines,"509,685"
CODZombies,"507,775"
assassinscreed,"506,676"
selfie,"502,863"
darksouls,"502,005"
whenthe,"497,745"
whowouldwin,"494,470"
starwarsmemes,"493,011"
Teachers,"491,250"
Diablo,"490,522"
careeradvice,"488,688"
vancouver,"487,470"
ChainsawMan,"487,324"
espresso,"485,932"
collapse,"485,706"
fivenightsatfreddys,"485,622"
PokemonScarletViolet,"483,642"
oculus,"482,796"
AnarchyChess,"481,239"
PiratedGames,"477,885"
LiverpoolFC,"473,154"
actuallesbians,"472,794"
ukpolitics,"471,043"
goodanimemes,"469,642"
Military,"469,035"
AusFinance,"465,856"
CleaningTips,"464,076"
valheim,"462,647"
fo4,"462,235"
Austria,"459,535"
SteamDeck,"455,736"
philadelphia,"454,102"
JuJutsuKaisen,"453,980"
newzealand,"449,299"
UkrainianConflict,"448,144"
playboicarti,"447,885"
China,"444,879"
RimWorld,"442,873"
Undertale,"441,537"
OculusQuest,"441,393"
legaladvicecanada,"441,054"
sydney,"440,293"
FinalFantasy,"439,834"
ShitAmericansSay,"439,208"
dayz,"436,281"
sanfrancisco,"435,718"
fragrance,"431,036"
HollowKnight,"427,732"
Berserk,"427,496"
Windows10,"426,154"
OneOrangeBraincell,"425,646"
skyrimmods,"424,281"
mathmemes,"423,974"
elderscrollsonline,"423,913"
chile,"417,827"
Genshin_Impact_Leaks,"417,707"
Costco,"417,113"
residentevil,"416,699"
yugioh,"416,158"
korea,"414,679"
feedthebeast,"412,734"
CrusaderKings,"412,052"
Stellaris,"410,918"
fuckcars,"409,806"
KimetsuNoYaiba,"405,510"
imaginarymaps,"402,509"
Persona5,"402,236"
HonkaiStarRail,"401,094"
Denmark,"398,610"
TrueFilm,"396,546"
amex,"396,325"
totalwar,"396,190"
DC_Cinematic,"395,302"
Incestconfessions,"395,122"
bleach,"394,603"
Austin,"391,445"
malaysia,"390,563"
fo76,"390,400"
portugal,"390,221"
ITCareerQuestions,"388,628"
amiugly,"386,281"
FL_Studio,"384,921"
askgaybros,"381,961"
Warthunder,"381,898"
ARK,"381,690"
cycling,"381,234"
Accounting,"379,567"
electricians,"377,575"
houston,"377,031"
StableDiffusion,"376,831"
criticalrole,"374,735"
AITAH,"374,011"
starcitizen,"373,964"
malehairadvice,"370,630"
hoi4,"368,007"
Nootropics,"366,771"
discordVideos,"364,332"
masseffect,"362,669"
MemePiece,"362,246"
euphoria,"361,436"
Drumkits,"360,687"
Grimdank,"354,777"
reactjs,"354,362"
RandomThoughts,"353,194"
chelseafc,"352,763"
BMW,"349,277"
Unity3D,"343,946"
TheGirlSurvivalGuide,"343,209"
Guildwars2,"342,374"
offlineTV,"340,129"
footballmanagergames,"339,726"
GamingLeaksAndRumours,"338,851"
EntitledPeople,"337,901"
factorio,"336,930"
Denver,"336,218"
runescape,"335,890"
whatcarshouldIbuy,"334,057"
synthesizers,"333,709"
osugame,"330,486"
Finanzen,"329,174"
emulation,"327,911"
washingtondc,"327,574"
Gunners,"327,459"
eu4,"327,367"
MTB,"326,754"
MortalKombat,"324,681"
Competitiveoverwatch,"324,649"
TeamfightTactics,"324,155"
AskNYC,"324,003"
LinkedInLunatics,"321,510"
NonPoliticalTwitter,"319,910"
airsoft,"319,863"
geography,"319,576"
premed,"313,285"
doordash,"313,229"
DeepRockGalactic,"312,663"
bindingofisaac,"310,784"
Portland,"308,437"
NewTubers,"308,147"
hungary,"307,919"
NonCredibleDefense,"307,093"
btd6,"306,766"
projectzomboid,"306,032"
Calgary,"305,927"
grandorder,"303,562"
Genshin_Memepact,"303,550"
simracing,"302,135"
xqcow,"295,450"
lostarkgame,"295,211"
samsung,"295,074"
HeadphoneAdvice,"295,059"
Notion,"294,707"
Supplements,"292,204"
HomeNetworking,"290,956"
LinusTechTips,"290,533"
autism,"288,885"
HFY,"287,878"
Bogleheads,"284,953"
MagicArena,"281,151"
IAmTheMainCharacter,"280,396"
ottawa,"279,791"
asktransgender,"277,828"
windows,"277,765"
ios,"277,638"
SpidermanPS4,"277,234"
StreetFighter,"275,425"
MacOS,"274,700"
overclocking,"273,548"
Adulting,"272,185"
developersIndia,"268,908"
distressingmemes,"268,381"
overlord,"267,438"
namenerds,"266,563"
PleX,"266,062"
selfhosted,"265,552"
Roms,"263,737"
UnearthedArcana,"261,434"
PokemonTCG,"260,955"
TwoHotTakes,"260,247"
Mcat,"259,728"
okbuddychicanery,"259,676"
Plumbing,"257,513"
AmITheDevil,"257,019"
MouseReview,"255,698"
linux_gaming,"255,044"
Netherlands,"254,864"
BatmanArkham,"253,875"
FemaleDatingStrategy,"253,318"
flying,"253,157"
metalgearsolid,"252,499"
Construction,"251,754"
Twitter,"251,707"
SatisfactoryGame,"251,657"
electricvehicles,"247,072"
poker,"245,729"
rust,"244,554"
furry_irl,"243,873"
homeassistant,"241,827"
doordash_drivers,"241,295"
blackdesertonline,"238,199"
chessbeginners,"237,914"
archlinux,"237,827"
DarwinAwards,"235,824"
croatia,"234,847"
firstimpression,"233,478"
MMORPG,"233,016"
sffpc,"232,945"
EDH,"232,936"
BaldursGate3,"232,220"
linuxquestions,"231,478"
40kLore,"231,380"
gachagaming,"231,246"
BinIchDasArschloch,"229,216"
travisscott,"228,990"
walmart,"228,533"
FifaCareers,"228,283"
polls,"227,907"
unrealengine,"226,438"
truerateme,"224,055"
battlefield2042,"223,345"
Boruto,"221,947"
MtF,"220,976"
HomeMaintenance,"220,825"
overemployed,"215,102"
AskVet,"214,027"
golang,"212,925"
DivinityOriginalSin,"212,422"
nier,"212,208"
traderjoes,"210,510"
RussiaUkraineWar2022,"207,910"
Dragonballsuper,"205,294"
spiders,"204,685"
serbia,"203,868"
JRPG,"203,539"
razer,"203,047"
ValorantCompetitive,"202,180"
Monitors,"198,983"
LegendsOfRuneterra,"198,430"
gamingsuggestions,"197,982"
arknights,"197,944"
AskFrance,"196,355"
Tekken,"196,330"
Destiny,"194,524"
AzureLane,"194,288"
Truckers,"193,470"
askTO,"193,253"
PokemonROMhacks,"192,834"
FireEmblemHeroes,"192,777"
China_irl,"192,738"
Asmongold,"192,701"
CuratedTumblr,"192,581"
NewsOfTheStupid,"191,744"
Invincible,"191,640"
Residency,"191,099"
animepiracy,"190,128"
csMajors,"190,023"
OopsThatsDeadly,"189,318"
197,"188,255"
askcarsales,"187,906"
software,"187,578"
wirklichgutefrage,"187,258"
CarTalkUK,"187,084"
Finland,"186,988"
AskAnAustralian,"186,546"
Gundam,"186,073"
Starfield,"185,856"
2westerneurope4u,"183,601"
whatisthiscar,"182,747"
3d6,"181,704"
Eve,"181,184"
PcBuild,"180,621"
rolex,"179,943"
AskWomenOver30,"178,234"
inthenews,"177,544"
firefox,"176,957"
stunfisk,"176,835"
ultrawidemasterrace,"173,330"
yakuzagames,"172,246"
FalloutMods,"170,395"
tressless,"169,669"
CatAdvice,"169,031"
HuntShowdown,"168,900"
insects,"168,067"
GamingLaptops,"167,288"
Pandabuy,"166,678"
nattyorjuice,"165,530"
askSingapore,"164,776"
thinkpad,"163,962"
MarvelSnap,"161,815"
SwitchPirates,"161,733"
houkai3rd,"161,491"
VRchat,"160,898"
Italia,"160,746"
paydaytheheist,"159,481"
RPClipsGTA,"159,227"
moreplatesmoredates,"159,129"
Ubiquiti,"158,805"
Serverlife,"158,382"
kpophelp,"156,280"
VirtualYoutubers,"155,758"
translator,"155,039"
msp,"154,373"
EpicSeven,"152,912"
TOTK,"152,877"
CrackSupport,"152,654"
PeterExplainsTheJoke,"150,529"
assettocorsa,"148,535"
kpopthoughts,"148,446"
Home,"147,867"
coys,"146,149"
nbacirclejerk,"145,418"
CompetitiveTFT,"145,225"
wownoob,"144,127"
Pathfinder_RPG,"143,369"
TeslaModel3,"142,281"
LogitechG,"140,862"
InstacartShoppers,"140,523"
7daystodie,"140,380"
macgaming,"140,189"
PathOfExileBuilds,"140,082"
AnimeFigures,"139,899"
StrangeEarth,"136,599"
Wrasslin,"135,911"
farialimabets,"134,124"
Bannerlord,"132,875"
AlternateHistory,"129,427"
Windows11,"127,418"
AskMechanics,"127,223"
ironscape,"127,146"
synology,"127,129"
incremental_games,"126,176"
EnoughMuskSpam,"123,799"
animalid,"121,979"
godot,"120,848"
Ratschlag,"119,993"
mtg,"119,634"
UberEATS,"118,669"
adultingph,"117,998"
HousingUK,"117,995"
masterduel,"117,439"
AmITheAngel,"115,223"
AnimalTracking,"113,644"
amiwrong,"112,650"
Maplestory,"112,579"
HonkaiStarRail_leaks,"110,883"
19684,"108,837"
WarhammerCompetitive,"106,483"
BlueLock,"105,479"
whatsthissnake,"103,487"
NewGreentexts,"101,251"
TeslaLounge,"100,224"
CompetitiveApex,"99,879"
TwoBestFriendsPlay,"99,358"
weddingdress,"97,875"
Pathfinder2e,"97,558"
tattooadvice,"96,258"
bald,"94,658"
redscarepod,"93,930"
AusMemes,"89,692"
AMDHelp,"89,667"
Letterboxd,"86,274"
legal,"85,736"
ObsidianMD,"85,384"
ASUS,"85,225"
whatisthisbug,"84,429"
F1NN5TER,"84,312"
delta,"84,294"
remnantgame,"83,327"
electrical,"79,600"
FFXVI,"79,402"
Pathfinder_Kingmaker,"78,947"
BlueArchive,"78,926"
JEENEETards,"76,614"
CalamityMod,"75,087"
NikkeMobile,"74,799"
real_China_irl,"74,687"
9anime,"73,429"
Pikmin,"72,494"
OshiNoKo,"72,200"
ExplainTheJoke,"71,579"
PokemonInfiniteFusion,"70,604"
papermoney,"70,560"
yuzu,"70,473"
RealTesla,"68,600"
SuperMegaShow,"68,318"
BattleBitRemastered,"68,237"
Jujutsushi,"66,863"
baldursgate,"65,880"
AskMiddleEast,"63,072"
neovim,"60,501"
UkraineRussiaReport,"58,305"
unRAID,"54,282"
conservativeterrorism,"52,913"
whatisthisbone,"51,676"
Weddingattireapproval,"48,025"
LocalLLaMA,"47,699"
antivirus,"45,641"
CPS,"43,902"
armoredcore,"39,044"
Roofing,"37,758"
Bedbugs,"35,397"
redditonwiki,"34,828"
AntiTrumpAlliance,"34,187"
airbnb_hosts,"34,063"
allthemods,"33,699"
Tattoocoverups,"33,290"
Concrete,"32,068"
BambuLab,"31,600"
ROGAlly,"30,953"
Lyft,"30,730"
AskAMechanic,"29,514"
tjournal_refugees,"28,792"
Decks,"28,601"
Jujutsufolk,"24,026"
OnePiecePowerScaling,"21,210"
FaceRatings,"18,482"
imax,"18,362"
StVO,"17,866"
KafkaMains,"15,080"
Canada_sub,"14,873"
